school_name,school_state_code,aamc_a1_medical_school,match_status,applications_total,applications_in_state_pct,applications_out_of_state_pct,matriculants_total,matriculants_in_state_pct,matriculants_out_of_state_pct,academic_year
Frederick P. Whiddon College of Medicine at the University of South Alabama,AL,South Alabama-Whiddon,Matched,1906,25.6,74.4,79,93.7,6.3,2025-2026
University of Alabama at Birmingham Marnix E. Heersink School of Medicine,AL,Alabama-Heersink,Matched,4206,13.3,86.7,196,82.1,17.9,2025-2026
University of Arizona College of Medicine,AZ,Arizona,Matched,7342,10.6,89.4,118,71.2,28.8,2025-2026
University of Arizona College of Medicine - Phoenix,AZ,Arizona Phoenix,Matched,5831,13.1,86.9,130,66.9,33.1,2025-2026
Alice L. Walton School of Medicine,AR,Walton,Matched,2021,8.7,91.3,48,31.3,68.8,2025-2026
University of Arkansas for Medical Sciences College of Medicine,AR,Arkansas,Matched,3337,9.3,90.7,174,83.3,16.7,2025-2026
California Northstate University College of Medicine,CA,California Northstate,Matched,3412,69,31,118,93.2,6.8,2025-2026
California University of Science and Medicine-School of Medicine,CA,California,Matched,4630,78.7,21.3,130,97.7,2.3,2025-2026
Charles R. Drew University of Medicine and Science College of Medicine,CA,Drew,Matched,6639,37.3,62.7,60,71.7,28.3,2025-2026
Kaiser Permanente Bernard J. Tyson School of Medicine,CA,Kaiser Permanente-Tyson,Matched,6596,59.8,40.2,49,71.4,28.6,2025-2026
Keck School of Medicine of the University of Southern California,CA,Southern Cal-Keck,Matched,9612,50.4,49.6,120,80.8,19.2,2025-2026
Loma Linda University School of Medicine,CA,Loma Linda,Matched,5642,47.9,52.1,176,44.3,55.7,2025-2026
Stanford University School of Medicine,CA,Stanford,Matched,9793,33.7,66.3,90,40,60,2025-2026
"University of California, Davis, School of Medicine",CA,UC Davis,Matched,8294,65,35,139,97.1,2.9,2025-2026
"University of California, Irvine, School of Medicine",CA,UC Irvine,Matched,7440,71.9,28.1,114,88.6,11.4,2025-2026
"University of California, Los Angeles David Geffen School of Medicine",CA,UCLA-Geffen,Matched,12474,43,57,175,59.4,40.6,2025-2026
"University of California, Riverside School of Medicine",CA,UC Riverside,Matched,6508,75.9,24.1,90,96.7,3.3,2025-2026
"University of California, San Diego School of Medicine",CA,UC San Diego,Matched,10400,53.6,46.4,140,74.3,25.7,2025-2026
"University of California, San Francisco, School of Medicine",CA,UC San Francisco,Matched,10372,46.3,53.7,177,71.8,28.2,2025-2026
University of Colorado School of Medicine,CO,Colorado,Matched,10405,6,94,181,48.1,51.9,2025-2026
Frank H. Netter MD School of Medicine at Quinnipiac University,CT,Quinnipiac-Netter,Matched,9426,4.3,95.7,95,5.3,94.7,2025-2026
University of Connecticut School of Medicine,CT,Connecticut,Matched,5734,9,91,114,68.4,31.6,2025-2026
Yale School of Medicine,CT,Yale,Matched,7352,3.7,96.3,104,5.8,94.2,2025-2026
George Washington University School of Medicine & Health Sciences,DC,George Washington,Matched,17194,0.5,99.5,130,3.8,96.2,2025-2026
Georgetown University School of Medicine,DC,Georgetown,Matched,14542,0.6,99.4,203,3.4,96.6,2025-2026
Howard University College of Medicine,DC,Howard,Matched,8908,0.6,99.4,128,1.6,98.4,2025-2026
Charles E. Schmidt College of Medicine at Florida Atlantic University,FL,Florida Atlantic-Schmidt,Matched,4165,54.4,45.6,78,71.8,28.2,2025-2026
Florida International University Herbert Wertheim College of Medicine,FL,FIU-Wertheim,Matched,6013,43.3,56.7,121,90.9,9.1,2025-2026
Florida State University College of Medicine,FL,Florida State,Matched,6730,42.8,57.2,120,97.5,2.5,2025-2026
Nova Southeastern University Dr. Kiran C. Patel College of Allopathic Medicine,FL,Nova Southeastern-Patel,Matched,5790,39,61,65,73.8,26.2,2025-2026
USF Health Morsani College of Medicine,FL,USF-Morsani,Matched,5677,43.2,56.8,131,51.1,48.9,2025-2026
University of Central Florida College of Medicine,FL,UCF,Matched,5395,46.2,53.8,120,69.2,30.8,2025-2026
University of Florida College of Medicine,FL,Florida,Matched,5612,46,54,136,86.8,13.2,2025-2026
University of Miami Leonard M. Miller School of Medicine,FL,Miami-Miller,Matched,9912,22.8,77.2,202,37.1,62.9,2025-2026
Emory University School of Medicine,GA,Emory,Matched,12671,7.5,92.5,136,25,75,2025-2026
Medical College of Georgia at Augusta University,GA,MC Georgia Augusta,Matched,3368,40.9,59.1,304,98.7,1.3,2025-2026
Mercer University School of Medicine,GA,Mercer,Matched,1246,99.8,0.2,176,100,0,2025-2026
Morehouse School of Medicine,GA,Morehouse,Matched,6873,12,88,110,56.4,43.6,2025-2026
University of Georgia School of Medicine,GA,,Not available in supplied A-1 table,,,,,,,
"University of Hawaii, John A. Burns School of Medicine",HI,Hawaii-Burns,Matched,2369,8.5,91.5,77,79.2,20.8,2025-2026
Carle Illinois College of Medicine,IL,Carle Illinois,Matched,2889,18.9,81.1,64,23.4,76.6,2025-2026
Chicago Medical School at Rosalind Franklin University of Medicine & Science,IL,Chicago Med Franklin,Matched,11973,11.6,88.4,203,43.8,56.2,2025-2026
Loyola University Chicago Stritch School of Medicine,IL,Loyola-Stritch,Matched,13289,11.5,88.5,175,39.4,60.6,2025-2026
Northwestern University The Feinberg School of Medicine,IL,Northwestern-Feinberg,Matched,8610,11.4,88.6,140,25.7,74.3,2025-2026
Rush Medical College of Rush University Medical Center,IL,Rush,Matched,13237,10.3,89.7,144,21.5,78.5,2025-2026
Southern Illinois University School of Medicine,IL,Southern Illinois,Matched,1218,93.1,6.9,80,100,0,2025-2026
University of Chicago Division of the Biological Sciences The Pritzker School of Medicine,IL,Chicago-Pritzker,Matched,7738,11.1,88.9,91,18.7,81.3,2025-2026
University of Illinois College of Medicine,IL,Illinois,Matched,11273,15.7,84.3,302,61.3,38.7,2025-2026
Indiana University School of Medicine,IN,Indiana,Matched,7822,8.8,91.2,366,86.6,13.4,2025-2026
University of Iowa Roy J. and Lucille A. Carver College of Medicine,IA,Iowa-Carver,Matched,4527,6.5,93.5,153,64.1,35.9,2025-2026
University of Kansas School of Medicine,KS,Kansas,Matched,4978,8.6,91.4,211,81.5,18.5,2025-2026
University of Kentucky College of Medicine,KY,Kentucky,Matched,5766,9.8,90.2,208,75.5,24.5,2025-2026
University of Louisville School of Medicine,KY,Louisville,Matched,5317,9,91,168,75,25,2025-2026
Louisiana State University School of Medicine in New Orleans,LA,LSU New Orleans,Matched,3865,16.6,83.4,195,87.7,12.3,2025-2026
Louisiana State University School of Medicine in Shreveport,LA,LSU Shreveport,Matched,3201,18.8,81.2,150,81.3,18.7,2025-2026
Tulane University School of Medicine,LA,Tulane,Matched,13814,2.9,97.1,190,15.3,84.7,2025-2026
Johns Hopkins University School of Medicine,MD,Johns Hopkins,Matched,8057,6.4,93.6,118,7.6,92.4,2025-2026
Uniformed Services University of the Health Sciences F. Edward Hebert School of Medicine,MD,Uniformed Services-Hebert,Matched,2238,8.5,91.5,177,10.7,89.3,2025-2026
University of Maryland School of Medicine,MD,Maryland,Matched,7186,15.2,84.8,171,69,31,2025-2026
Boston University Aram V. Chobanian & Edward Avedisian School of Medicine,MA,BU-Chobanian Avedisian,Matched,11429,8.6,91.4,138,32.6,67.4,2025-2026
Harvard Medical School,MA,Harvard,Matched,8275,8.3,91.7,165,15.2,84.8,2025-2026
Tufts University School of Medicine,MA,Tufts,Matched,15455,7.4,92.6,204,26,74,2025-2026
University of Massachusetts T.H. Chan School of Medicine,MA,Massachusetts-Chan,Matched,5630,20.3,79.7,233,61.4,38.6,2025-2026
Covenant HealthCare College of Medicine at Central Michigan University,MI,Central Michigan,Matched,8513,16.3,83.7,104,82.7,17.3,2025-2026
Michigan State University College of Human Medicine,MI,Michigan State,Matched,8296,18.9,81.1,193,72,28,2025-2026
Oakland University William Beaumont School of Medicine,MI,Oakland Beaumont,Matched,7492,19.3,80.7,124,62.1,37.9,2025-2026
University of Michigan Medical School,MI,Michigan,Matched,10277,11.6,88.4,168,32.1,67.9,2025-2026
Wayne State University School of Medicine,MI,Wayne State,Matched,10438,16.1,83.9,299,71.6,28.4,2025-2026
Western Michigan University Homer Stryker M.D. School of Medicine,MI,Western Michigan-Stryker,Matched,5897,21.6,78.4,86,48.8,51.2,2025-2026
Mayo Clinic Alix School of Medicine,MN,Mayo-Alix,Matched,5920,5.3,94.7,109,6.4,93.6,2025-2026
Mayo Clinic Alix School of Medicine,MN,Mayo-Alix,Matched,5920,5.3,94.7,109,6.4,93.6,2025-2026
University of Minnesota Medical School,MN,Minnesota,Matched,6843,12.9,87.1,264,85.6,14.4,2025-2026
University of Mississippi School of Medicine,MS,Mississippi,Matched,326,99.4,0.6,170,100,0,2025-2026
Saint Louis University School of Medicine,MO,Saint Louis,Matched,6672,6,94,174,29.3,70.7,2025-2026
University of Missouri-Columbia School of Medicine,MO,Missouri Columbia,Matched,3677,15.4,84.6,136,85.3,14.7,2025-2026
University of Missouri-Kansas City School of Medicine,MO,Missouri Kansas City,Matched,1589,19.8,80.2,134,60.4,39.6,2025-2026
Washington University in St. Louis School of Medicine,MO,Washington U St Louis,Matched,6138,4.7,95.3,123,8.9,91.1,2025-2026
Creighton University School of Medicine,NE,Creighton,Matched,6162,2.9,97.1,250,4,96,2025-2026
University of Nebraska College of Medicine,NE,Nebraska,Matched,2311,13.2,86.8,142,84.5,15.5,2025-2026
Kirk Kerkorian School of Medicine at UNLV,NV,UNLV-Kerkorian,Matched,2375,10,90,66,74.2,25.8,2025-2026
Roseman University College of Medicine,NV,Roseman,Matched,792,15.5,84.5,64,18.8,81.3,2025-2026
"University of Nevada, Reno School of Medicine",NV,Nevada Reno,Matched,2382,10.7,89.3,72,65.3,34.7,2025-2026
Geisel School of Medicine at Dartmouth,NH,Dartmouth-Geisel,Matched,10330,1,99,96,4.2,95.8,2025-2026
Cooper Medical School of Rowan University,NJ,Cooper Rowan,Matched,4619,28.7,71.3,118,72,28,2025-2026
Hackensack Meridian School of Medicine,NJ,Hackensack Meridian,Matched,5708,21.6,78.4,166,58.4,41.6,2025-2026
Rutgers New Jersey Medical School,NJ,Rutgers New Jersey,Matched,6479,24.2,75.8,174,83.3,16.7,2025-2026
"Rutgers, Robert Wood Johnson Medical School",NJ,Rutgers-RW Johnson,Matched,5112,29.7,70.3,165,72.1,27.9,2025-2026
University of New Mexico School of Medicine,NM,New Mexico,Matched,1719,11.5,88.5,103,78.6,21.4,2025-2026
Albany Medical College,NY,Albany,Matched,14157,14.6,85.4,141,33.3,66.7,2025-2026
Albert Einstein College of Medicine,NY,Einstein,Matched,14035,15,85,148,47.3,52.7,2025-2026
Columbia University Vagelos College of Physicians and Surgeons,NY,Columbia-Vagelos,Matched,7677,15.3,84.7,138,11.6,88.4,2025-2026
Donald and Barbara Zucker School of Medicine at Hofstra/Northwell,NY,Zucker Hofstra Northwell,Matched,5368,30.4,69.6,104,57.7,42.3,2025-2026
Icahn School of Medicine at Mount Sinai,NY,Mount Sinai-Icahn,Matched,9551,16.9,83.1,128,26.6,73.4,2025-2026
Jacobs School of Medicine and Biomedical Sciences at the University at Buffalo,NY,Buffalo-Jacobs,Matched,6264,34.6,65.4,186,91.4,8.6,2025-2026
NYU Grossman Long Island School of Medicine,NY,NYU Long Island-Grossman,Matched,4738,24.6,75.4,24,62.5,37.5,2025-2026
NYU Grossman School of Medicine,NY,NYU-Grossman,Matched,8385,14,86,99,21.2,78.8,2025-2026
New York Medical College,NY,New York Medical,Matched,9525,21.6,78.4,233,60.1,39.9,2025-2026
Renaissance School of Medicine at Stony Brook University,NY,Renaissance Stony Brook,Matched,5689,37.1,62.9,141,86.5,13.5,2025-2026
SUNY Downstate Health Sciences University College of Medicine,NY,SUNY Downstate,Matched,7490,33.4,66.6,197,84.3,15.7,2025-2026
State University of New York Upstate Medical University Alan and Marlene Norton College of Medicine,NY,SUNY Upstate-Norton,Matched,6198,36.1,63.9,182,75.8,24.2,2025-2026
University of Rochester School of Medicine and Dentistry,NY,Rochester,Matched,5891,21.8,78.2,103,27.2,72.8,2025-2026
Weill Cornell Medicine,NY,Cornell-Weill,Matched,8599,16.6,83.4,106,33,67,2025-2026
Brody School of Medicine at East Carolina University,NC,East Carolina-Brody,Matched,2267,47.5,52.5,91,100,0,2025-2026
Duke University School of Medicine,NC,Duke,Matched,9234,7.7,92.3,123,15.4,84.6,2025-2026
Methodist University Cape Fear Valley Health School of Medicine,NC,,Not available in supplied A-1 table,,,,,,,
University of North Carolina at Chapel Hill School of Medicine,NC,North Carolina,Matched,6264,18.1,81.9,229,83.4,16.6,2025-2026
Wake Forest University School of Medicine,NC,Wake Forest,Matched,12800,8,92,194,25.3,74.7,2025-2026
University of North Dakota School of Medicine and Health Sciences,ND,North Dakota,Matched,1864,5.8,94.2,75,64,36,2025-2026
Case Western Reserve University School of Medicine,OH,Case Western Reserve,Matched,9454,8.4,91.6,216,15.3,84.7,2025-2026
Northeast Ohio Medical University,OH,Northeast Ohio,Matched,4883,23.2,76.8,197,81.2,18.8,2025-2026
Ohio State University College of Medicine,OH,Ohio State,Matched,8685,13.7,86.3,211,57.8,42.2,2025-2026
The University of Toledo College of Medicine and Life Sciences,OH,Toledo,Matched,6637,17.6,82.4,175,63.4,36.6,2025-2026
University of Cincinnati College of Medicine,OH,Cincinnati,Matched,6636,17.1,82.9,175,62.9,37.1,2025-2026
Wright State University Boonshoft School of Medicine,OH,Wright State-Boonshoft,Matched,5986,19,81,128,71.9,28.1,2025-2026
University of Oklahoma College of Medicine,OK,Oklahoma,Matched,2590,13.1,86.9,202,55,45,2025-2026
Oregon Health & Science University School of Medicine,OR,Oregon,Matched,7114,6.6,93.4,150,76,24,2025-2026
Drexel University College of Medicine,PA,Drexel,Matched,16547,6.9,93.1,305,14.8,85.2,2025-2026
Geisinger Commonwealth School of Medicine,PA,Geisinger Commonwealth,Matched,6964,13.7,86.3,124,73.4,26.6,2025-2026
Lewis Katz School of Medicine at Temple University,PA,Temple-Katz,Matched,14278,8.2,91.8,227,41.4,58.6,2025-2026
Pennsylvania State University College of Medicine,PA,Penn State,Matched,14288,8.3,91.7,150,43.3,56.7,2025-2026
Perelman School of Medicine at the University of Pennsylvania,PA,Pennsylvania-Perelman,Matched,7097,8.4,91.6,153,11.8,88.2,2025-2026
Sidney Kimmel Medical College at Thomas Jefferson University,PA,Jefferson-Kimmel,Matched,12033,9.5,90.5,286,30.4,69.6,2025-2026
University of Pittsburgh School of Medicine,PA,Pittsburgh,Matched,11887,8.7,91.3,151,31.8,68.2,2025-2026
Ponce Health Sciences University School of Medicine,PR,Ponce,Matched,2255,25.2,74.8,194,57.7,42.3,2025-2026
San Juan Bautista School of Medicine,PR,San Juan Bautista,Matched,1553,32,68,69,68.1,31.9,2025-2026
Universidad Central del Caribe School of Medicine,PR,Caribe,Matched,1204,46.3,53.7,75,92,8,2025-2026
University of Puerto Rico School of Medicine,PR,Puerto Rico,Matched,801,43.6,56.4,105,94.3,5.7,2025-2026
The Warren Alpert Medical School of Brown University,RI,Brown-Alpert,Matched,9186,0.9,99.1,144,10.4,89.6,2025-2026
Medical University of South Carolina College of Medicine,SC,MU South Carolina,Matched,3413,16.8,83.2,179,91.1,8.9,2025-2026
"University of South Carolina Kay and C. Edward Floyd, M.D. School of Medicine",SC,South Carolina Columbia,Matched,3011,17.3,82.7,99,75.8,24.2,2025-2026
University of South Carolina School of Medicine Greenville,SC,South Carolina Greenville,Matched,4157,12.7,87.3,110,66.4,33.6,2025-2026
"University of South Dakota, Sanford School of Medicine",SD,South Dakota-Sanford,Matched,1076,12,88,71,78.9,21.1,2025-2026
East Tennessee State University James H. Quillen College of Medicine,TN,East Tennessee-Quillen,Matched,4009,15.5,84.5,78,82.1,17.9,2025-2026
Meharry Medical College,TN,Meharry,Matched,7949,4,96,115,11.3,88.7,2025-2026
"Thomas F. Frist, Jr. College of Medicine at Belmont University",TN,Belmont-Frist,Matched,2831,15.2,84.8,54,22.2,77.8,2025-2026
University of Tennessee Health Science Center College of Medicine,TN,Tennessee,Matched,2744,24.1,75.9,174,89.1,10.9,2025-2026
Vanderbilt University School of Medicine,TN,Vanderbilt,Matched,7685,5,95,95,6.3,93.7,2025-2026
Anne Burnett Marion School of Medicine at Texas Christian University,TX,TCU-Burnett,Matched,6273,22.6,77.4,60,18.3,81.7,2025-2026
Spencer Fox Eccles School of Medicine at the University of Utah,UT,Utah-Eccles,Matched,3085,17.9,82.1,125,72.8,27.2,2025-2026
"Robert Larner, M.D., College of Medicine at the University of Vermont",VT,Vermont-Larner,Matched,10377,0.7,99.3,122,26.2,73.8,2025-2026
Eastern Virginia Medical School at Old Dominion University,VA,Eastern Virginia ODU,Matched,7613,14.9,85.1,151,50.3,49.7,2025-2026
University of Virginia School of Medicine,VA,Virginia,Matched,7148,14,86,156,51.9,48.1,2025-2026
Virginia Commonwealth University School of Medicine,VA,Virginia Commonwealth,Matched,8306,14.1,85.9,184,63,37,2025-2026
Virginia Tech Carilion School of Medicine,VA,Virginia Tech Carilion,Matched,6370,14.3,85.7,55,21.8,78.2,2025-2026
University of Washington School of Medicine,WA,U Washington,Matched,5275,17.6,82.4,280,51.4,48.6,2025-2026
Washington State University Elson S. Floyd College of Medicine,WA,Washington State-Floyd,Matched,1574,51.3,48.7,80,100,0,2025-2026
Marshall University Joan C. Edwards School of Medicine,WV,Marshall-Edwards,Matched,3026,4.3,95.7,82,57.3,42.7,2025-2026
West Virginia University School of Medicine,WV,West Virginia,Matched,6314,2.3,97.7,115,47.8,52.2,2025-2026
Medical College of Wisconsin,WI,MC Wisconsin,Matched,10711,6.6,93.4,274,51.5,48.5,2025-2026
University of Wisconsin School of Medicine and Public Health,WI,Wisconsin,Matched,7744,9.1,90.9,171,74.9,25.1,2025-2026
